{
    "metadata": {
        "version": 4.4,
        "generator": "io_three",
        "type": "Object"
    },
    "geometries": [{
        "materials": [{
            "depthWrite": true,
            "specularCoef": 50,
            "shading": "phong",
            "DbgColor": 15658734,
            "colorEmissive": [0,0,0],
            "depthTest": true,
            "transparent": false,
            "DbgIndex": 0,
            "visible": true,
            "DbgName": "coin",
            "colorSpecular": [0.01,0.01,0.01],
            "wireframe": false,
            "colorAmbient": [0.705882,0.466667,0.090196],
            "opacity": 1,
            "colorDiffuse": [0.705882,0.466667,0.090196],
            "blending": "NormalBlending"
        }],
        "data": {
            "vertices": [40.4644,3.15084,-0,37.3842,3.15084,15.485,28.6126,3.15084,28.6126,15.485,3.15084,37.3842,-2e-06,3.15084,40.4644,-15.485,3.15084,37.3842,-28.6126,3.15084,28.6126,-37.3842,3.15084,15.485,-40.4644,3.15084,6e-06,-37.3842,3.15084,-15.485,-28.6126,3.15084,-28.6126,-15.485,3.15084,-37.3842,0,3.15084,-40.4644,15.485,3.15084,-37.3842,28.6126,3.15084,-28.6126,37.3842,3.15084,-15.485,40.4644,-11.8712,0,37.3842,-11.8712,15.485,28.6126,-11.8712,28.6126,15.485,-11.8712,37.3842,-2e-06,-11.8712,40.4644,-15.485,-11.8712,37.3842,-28.6126,-11.8712,28.6126,-37.3842,-11.8712,15.485,-40.4644,-11.8712,6e-06,-37.3842,-11.8712,-15.485,-28.6126,-11.8712,-28.6126,-15.485,-11.8712,-37.3842,0,-11.8712,-40.4644,15.485,-11.8712,-37.3842,28.6126,-11.8712,-28.6126,37.3842,-11.8712,-15.485,34.5583,3.15084,14.3145,37.4056,3.15084,-1e-06,34.5583,3.15084,-14.3145,26.4498,3.15084,-26.4497,14.3145,3.15084,-34.5583,0,3.15084,-37.4056,-14.3145,3.15084,-34.5583,-26.4498,3.15084,-26.4497,-34.5583,3.15084,-14.3145,-37.4056,3.15084,6e-06,-34.5583,3.15084,14.3145,-26.4497,3.15084,26.4497,-14.3145,3.15084,34.5583,-2e-06,3.15084,37.4056,14.3145,3.15084,34.5583,26.4497,3.15084,26.4497,37.4056,-11.8712,-0,34.5583,-11.8712,14.3145,26.4497,-11.8712,26.4497,14.3145,-11.8712,34.5583,-2e-06,-11.8712,37.4056,-14.3145,-11.8712,34.5583,-26.4497,-11.8712,26.4497,-34.5583,-11.8712,14.3145,-37.4056,-11.8712,6e-06,-34.5583,-11.8712,-14.3145,-26.4498,-11.8712,-26.4497,-14.3145,-11.8712,-34.5583,0,-11.8712,-37.4056,14.3145,-11.8712,-34.5583,26.4498,-11.8712,-26.4497,34.5583,-11.8712,-14.3145,34.5583,0.150839,14.3145,37.4056,0.15084,-1e-06,34.5583,0.15084,-14.3145,26.4498,0.15084,-26.4497,14.3145,0.15084,-34.5583,0,0.15084,-37.4056,-14.3145,0.15084,-34.5583,-26.4498,0.15084,-26.4497,-34.5583,0.15084,-14.3145,-37.4056,0.15084,6e-06,-34.5583,0.150839,14.3145,-26.4497,0.150839,26.4497,-14.3145,0.150839,34.5583,-2e-06,0.150839,37.4056,14.3145,0.150839,34.5583,26.4497,0.150839,26.4497,37.4056,-8.87124,-0,34.5583,-8.87124,14.3145,26.4497,-8.87124,26.4497,14.3145,-8.87124,34.5583,-2e-06,-8.87124,37.4056,-14.3145,-8.87124,34.5583,-26.4497,-8.87124,26.4497,-34.5583,-8.87124,14.3145,-37.4056,-8.87124,6e-06,-34.5583,-8.87124,-14.3145,-26.4498,-8.87124,-26.4497,-14.3145,-8.87124,-34.5583,0,-8.87124,-37.4056,14.3145,-8.87124,-34.5583,26.4498,-8.87124,-26.4497,34.5583,-8.87124,-14.3145],
            "metadata": {
                "vertices": 96,
                "version": 3,
                "bones": 0,
                "morphTargets": 0,
                "uvs": 1,
                "materials": 1,
                "generator": "io_three",
                "faces": 188,
                "normals": 64
            },
            "morphTargets": [],
            "name": "coinGeometry",
            "skinWeights": [],
            "faces": [42,17,16,0,0,0,1,2,0,1,2,42,0,1,17,0,2,3,0,2,3,0,42,18,17,1,0,4,0,3,4,0,3,42,1,2,18,0,3,5,4,3,5,4,42,19,18,2,0,6,4,5,6,4,5,42,2,3,19,0,5,7,6,5,7,6,42,20,19,3,0,8,6,7,8,6,7,42,3,4,20,0,7,9,8,7,9,8,42,21,20,4,0,10,11,12,10,8,9,42,4,5,21,0,12,13,10,9,11,10,42,22,21,5,0,14,10,13,12,10,11,42,5,6,22,0,13,15,14,11,13,12,42,23,22,6,0,16,14,15,14,12,13,42,6,7,23,0,15,17,16,13,15,14,42,24,23,7,0,18,16,17,16,14,15,42,7,8,24,0,17,19,18,15,17,16,42,25,24,8,0,20,18,19,18,16,17,42,8,9,25,0,19,21,20,17,19,18,42,26,25,9,0,22,20,21,20,18,19,42,9,10,26,0,21,23,22,19,21,20,42,27,26,10,0,24,22,23,22,20,21,42,10,11,27,0,23,25,24,21,23,22,42,28,27,11,0,26,24,25,24,22,23,42,11,12,28,0,25,27,26,23,25,24,42,29,28,12,0,28,26,27,26,24,25,42,12,13,29,0,27,29,28,25,27,26,42,30,29,13,0,30,28,29,28,26,27,42,13,14,30,0,29,31,30,27,29,28,42,31,30,14,0,32,30,31,30,28,29,42,14,15,31,0,31,33,32,29,31,30,42,16,31,15,0,1,32,33,1,30,31,42,15,0,16,0,33,2,1,31,2,1,42,79,64,65,0,34,35,36,21,19,17,42,65,66,67,0,36,37,31,17,15,13,42,67,68,69,0,31,29,27,13,11,9,42,65,67,69,0,36,31,27,17,13,9,42,69,70,71,0,27,25,23,9,7,5,42,71,72,73,0,23,21,19,5,3,2,42,69,71,73,0,27,23,19,9,5,2,42,65,69,73,0,36,27,19,17,9,2,42,73,74,75,0,19,17,15,2,31,29,42,75,76,77,0,15,13,12,29,27,25,42,73,75,77,0,19,15,12,2,29,25,42,65,73,77,0,36,19,12,17,2,25,42,79,65,77,0,34,36,12,21,17,25,42,79,77,78,0,34,12,38,21,25,23,42,93,94,95,0,39,40,41,10,12,14,42,95,80,81,0,41,42,0,14,16,18,42,81,82,83,0,0,4,6,18,20,22,42,95,81,83,0,41,0,6,14,18,22,42,83,84,85,0,6,8,43,22,24,26,42,85,86,87,0,43,44,45,26,28,30,42,83,85,87,0,6,43,45,22,26,30,42,95,83,87,0,41,6,45,14,22,30,42,87,88,89,0,45,46,47,30,1,0,42,89,90,91,0,47,48,49,0,4,6,42,87,89,91,0,45,47,49,30,0,6,42,95,87,91,0,41,45,49,14,30,6,42,93,95,91,0,39,41,49,10,14,6,42,93,91,92,0,39,49,50,10,6,8,42,33,32,1,0,36,35,35,32,33,3,42,1,0,33,0,35,36,36,3,2,32,42,34,33,0,0,37,36,36,34,32,2,42,0,15,34,0,36,37,37,2,31,34,42,35,34,15,0,31,37,37,35,34,31,42,15,14,35,0,37,31,31,31,29,35,42,36,35,14,0,29,31,31,36,35,29,42,14,13,36,0,31,29,29,29,27,36,42,37,36,13,0,27,29,29,37,36,27,42,13,12,37,0,29,27,27,27,25,37,42,38,37,12,0,25,27,27,38,37,25,42,12,11,38,0,27,25,25,25,23,38,42,39,38,11,0,23,25,25,39,38,23,42,11,10,39,0,25,23,23,23,21,39,42,40,39,10,0,21,23,23,40,39,21,42,10,9,40,0,23,21,21,21,19,40,42,41,40,9,0,19,21,21,41,40,19,42,9,8,41,0,21,19,19,19,17,41,42,42,41,8,0,17,19,19,42,41,17,42,8,7,42,0,19,17,17,17,15,42,42,43,42,7,0,15,17,17,43,42,15,42,7,6,43,0,17,15,15,15,13,43,42,44,43,6,0,13,15,15,44,43,13,42,6,5,44,0,15,13,13,13,11,44,42,45,44,5,0,12,13,13,45,44,11,42,5,4,45,0,13,12,12,11,9,45,42,46,45,4,0,38,12,12,46,45,9,42,4,3,46,0,12,38,38,9,7,46,42,47,46,3,0,34,38,38,47,46,7,42,3,2,47,0,38,34,34,7,5,47,42,32,47,2,0,35,34,34,33,47,5,42,2,1,32,0,34,35,35,5,3,33,42,49,48,16,0,0,42,42,48,49,1,42,16,17,49,0,42,0,0,1,0,48,42,50,49,17,0,4,0,0,50,48,0,42,17,18,50,0,0,4,4,0,4,50,42,51,50,18,0,6,4,4,51,50,4,42,18,19,51,0,4,6,6,4,6,51,42,52,51,19,0,8,6,6,52,51,6,42,19,20,52,0,6,8,8,6,8,52,42,53,52,20,0,43,8,8,53,52,8,42,20,21,53,0,8,43,43,8,10,53,42,54,53,21,0,44,43,43,54,53,10,42,21,22,54,0,43,44,44,10,12,54,42,55,54,22,0,45,44,44,55,54,12,42,22,23,55,0,44,45,45,12,14,55,42,56,55,23,0,46,45,45,56,55,14,42,23,24,56,0,45,46,46,14,16,56,42,57,56,24,0,47,46,46,57,56,16,42,24,25,57,0,46,47,47,16,18,57,42,58,57,25,0,48,47,47,58,57,18,42,25,26,58,0,47,48,48,18,20,58,42,59,58,26,0,49,48,48,59,58,20,42,26,27,59,0,48,49,49,20,22,59,42,60,59,27,0,50,49,49,60,59,22,42,27,28,60,0,49,50,50,22,24,60,42,61,60,28,0,39,50,50,61,60,24,42,28,29,61,0,50,39,39,24,26,61,42,62,61,29,0,40,39,39,62,61,26,42,29,30,62,0,39,40,40,26,28,62,42,63,62,30,0,41,40,40,63,62,28,42,30,31,63,0,40,41,41,28,30,63,42,48,63,31,0,42,41,41,49,63,30,42,31,16,48,0,41,42,42,30,1,49,42,65,64,32,0,36,35,35,17,19,33,42,32,33,65,0,35,36,36,33,32,17,42,66,65,33,0,37,36,36,15,17,32,42,33,34,66,0,36,37,37,32,34,15,42,67,66,34,0,31,37,37,13,15,34,42,34,35,67,0,37,31,31,34,35,13,42,68,67,35,0,29,31,31,11,13,35,42,35,36,68,0,31,29,29,35,36,11,42,69,68,36,0,27,29,29,9,11,36,42,36,37,69,0,29,27,27,36,37,9,42,70,69,37,0,25,27,27,7,9,37,42,37,38,70,0,27,25,25,37,38,7,42,71,70,38,0,23,25,25,5,7,38,42,38,39,71,0,25,23,23,38,39,5,42,72,71,39,0,21,23,23,3,5,39,42,39,40,72,0,23,21,21,39,40,3,42,73,72,40,0,19,21,21,2,3,40,42,40,41,73,0,21,19,19,40,41,2,42,74,73,41,0,17,19,19,31,2,41,42,41,42,74,0,19,17,17,41,42,31,42,75,74,42,0,15,17,17,29,